Type,Name,Price,Image_url,Buy_url,Local_Path
Silla,BERGMUND,75,https://www.ikea.com/es/es/images/products/bergmund-silla-efecto-roble-hallarp-beige__0926594_pe789377_s5.jpg?f=xxs,https://www.ikea.com/es/es/p/bergmund-silla-efecto-roble-hallarp-beige-s39388081/,../data/img_ikea_Sillas/0000.jpg
Silla,ADDE,90,https://www.ikea.com/es/es/images/products/adde-silla-blanco__0728280_pe736170_s5.jpg?f=xxs,https://www.ikea.com/es/es/p/adde-silla-blanco-10219178/,../data/img_ikea_Sillas/0001.jpg
Silla,ÖSTANÖ,12,https://www.ikea.com/es/es/images/products/ostano-silla-marron-rojizo-remmarn-marron-rojizo__1120081_pe873713_s5.jpg?f=xxs,https://www.ikea.com/es/es/p/ostano-silla-marron-rojizo-remmarn-marron-rojizo-70526532/,../data/img_ikea_Sillas/0002.jpg
Silla,INGOLF,19,https://www.ikea.com/es/es/images/products/ingolf-silla-blanco-hallarp-beige__0926877_pe789566_s5.jpg?f=xxs,https://www.ikea.com/es/es/p/ingolf-silla-blanco-hallarp-beige-50473073/,../data/img_ikea_Sillas/0003.jpg
Silla,KARLPETTER,65,https://www.ikea.com/es/es/images/products/karlpetter-silla-gunnared-verde-claro-sefast-blanco__1106897_pe868859_s5.jpg?f=xxs,https://www.ikea.com/es/es/p/karlpetter-silla-gunnared-verde-claro-sefast-blanco-s29481447/,../data/img_ikea_Sillas/0004.jpg
Silla,GRÖNSTA,79,https://www.ikea.com/es/es/images/products/gronsta-silla-int-ext-blanco__1243689_pe920720_s5.jpg?f=xxs,https://www.ikea.com/es/es/p/gronsta-silla-int-ext-blanco-70519763/,../data/img_ikea_Sillas/0005.jpg
Silla,KRYLBO,45,https://www.ikea.com/es/es/images/products/krylbo-silla-tonerud-beige-oscuro__1208495_pe908606_s5.jpg?f=xxs,https://www.ikea.com/es/es/p/krylbo-silla-tonerud-beige-oscuro-60566745/,../data/img_ikea_Sillas/0006.jpg
Silla,TEODORES,49,https://www.ikea.com/es/es/images/products/teodores-silla-blanco__0727344_pe735616_s5.jpg?f=xxs,https://www.ikea.com/es/es/p/teodores-silla-blanco-90350937/,../data/img_ikea_Sillas/0007.jpg
Silla,PÅBODA,59,https://www.ikea.com/es/es/images/products/paboda-silla-negro-remmarn-gris-oscuro__1169561_pe892496_s5.jpg?f=xxs,https://www.ikea.com/es/es/p/paboda-silla-negro-remmarn-gris-oscuro-40546046/,../data/img_ikea_Sillas/0008.jpg
Silla,EKEDALEN,75,https://www.ikea.com/es/es/images/products/ekedalen-silla-blanco-orrsta-gris-claro__0728310_pe736178_s5.jpg?f=xxs,https://www.ikea.com/es/es/p/ekedalen-silla-blanco-orrsta-gris-claro-60341015/,../data/img_ikea_Sillas/0009.jpg
Silla,STEFAN,30,https://www.ikea.com/es/es/images/products/stefan-silla-blanco__1322933_pe942332_s5.jpg?f=xxs,https://www.ikea.com/es/es/p/stefan-silla-blanco-90339233/,../data/img_ikea_Sillas/0010.jpg
Silla,ODGER,35,https://www.ikea.com/es/es/images/products/odger-silla-antracita__0739669_pe741828_s5.jpg?f=xxs,https://www.ikea.com/es/es/p/odger-silla-antracita-50457313/,../data/img_ikea_Sillas/0011.jpg
Silla,LIDÅS,25,https://www.ikea.com/es/es/images/products/lidas-silla-blanco-sefast-blanco__1106351_pe868690_s5.jpg?f=xxs,https://www.ikea.com/es/es/p/lidas-silla-blanco-sefast-blanco-s39481381/,../data/img_ikea_Sillas/0012.jpg
Silla,LISABO,49,https://www.ikea.com/es/es/images/products/lisabo-silla-fresno__0786549_pe763015_s5.jpg?f=xxs,https://www.ikea.com/es/es/p/lisabo-silla-fresno-00457235/,../data/img_ikea_Sillas/0013.jpg
Silla,TOSSBERG,59,https://www.ikea.com/es/es/images/products/tossberg-silla-metal-blanco-gunnared-beige__1142158_pe881185_s5.jpg?f=xxs,https://www.ikea.com/es/es/p/tossberg-silla-metal-blanco-gunnared-beige-80565274/,../data/img_ikea_Sillas/0014.jpg
Silla,JOKKMOKK,29,https://www.ikea.com/es/es/images/products/jokkmokk-silla-tint-envj__0475400_pe615581_s5.jpg?f=xxs,https://www.ikea.com/es/es/p/jokkmokk-silla-tint-envj-90342688/,../data/img_ikea_Sillas/0015.jpg
Silla,TEODORES,69,https://www.ikea.com/es/es/images/products/teodores-silla-blanco__1082708_pe858788_s5.jpg?f=xxs,https://www.ikea.com/es/es/p/teodores-silla-blanco-s19399839/,../data/img_ikea_Sillas/0016.jpg
Silla,JANINGE,89,https://www.ikea.com/es/es/images/products/janinge-silla-blanco__0728156_pe736116_s5.jpg?f=xxs,https://www.ikea.com/es/es/p/janinge-silla-blanco-00246078/,../data/img_ikea_Sillas/0017.jpg
Silla,STOCKHOLM,34,https://www.ikea.com/es/es/images/products/stockholm-silla-nogal__0753719_pe747693_s5.jpg?f=xxs,https://www.ikea.com/es/es/p/stockholm-silla-nogal-60518226/,../data/img_ikea_Sillas/0018.jpg
Silla,LISABO,39,https://www.ikea.com/es/es/images/products/lisabo-silla-fresno-tallmyra-blanco-negro__1243660_pe920705_s5.jpg?f=xxs,https://www.ikea.com/es/es/p/lisabo-silla-fresno-tallmyra-blanco-negro-30553706/,../data/img_ikea_Sillas/0019.jpg
Silla con reposabrazos,GRÖNSTA,49,https://www.ikea.com/es/es/images/products/gronsta-silla-con-reposabrazos-blanco__1243810_pe920959_s5.jpg?f=xxs,https://www.ikea.com/es/es/p/gronsta-silla-con-reposabrazos-blanco-90557886/,../data/img_ikea_Sillas/0020.jpg
Sillón,NOLMYRA,59,https://www.ikea.com/es/es/images/products/nolmyra-sillon-chapa-abedul-gris__0152020_pe310348_s5.jpg?f=xxs,https://www.ikea.com/es/es/p/nolmyra-sillon-chapa-abedul-gris-10233532/,../data/img_ikea_Sillas/0021.jpg
Silla,ÄLVSTA,129,https://www.ikea.com/es/es/images/products/alvsta-silla-mano-ratan-sefast-blanco__1115725_pe872233_s5.jpg?f=xxs,https://www.ikea.com/es/es/p/alvsta-silla-a-mano-ratan-sefast-blanco-s19481565/,../data/img_ikea_Sillas/0022.jpg
Puf + almacenaje,KJUGE,149,https://www.ikea.com/es/es/images/products/kjuge-puf-almacenaje-knisa-gris-oscuro__1245550_pe921664_s5.jpg?f=xxs,https://www.ikea.com/es/es/p/kjuge-puf-almacenaje-knisa-gris-oscuro-90531900/,../data/img_ikea_Sillas/0023.jpg
Silla,BERGMUND,24,https://www.ikea.com/es/es/images/products/bergmund-silla-blanco-gunnared-gris__0926632_pe789415_s5.jpg?f=xxs,https://www.ikea.com/es/es/p/bergmund-silla-blanco-gunnared-gris-s79384632/,../data/img_ikea_Sillas/0024.jpg
Silla,KÄTTIL,29,https://www.ikea.com/es/es/images/products/kattil-silla-blanco-knisa-gris-claro__1016338_pe830329_s5.jpg?f=xxs,https://www.ikea.com/es/es/p/kattil-silla-blanco-knisa-gris-claro-60500325/,../data/img_ikea_Sillas/0025.jpg
Silla,INGOLF,120,https://www.ikea.com/es/es/images/products/ingolf-silla-blanco__0728152_pe736113_s5.jpg?f=xxs,https://www.ikea.com/es/es/p/ingolf-silla-blanco-70103250/,../data/img_ikea_Sillas/0026.jpg
Silla,SANDSBERG,140,https://www.ikea.com/es/es/images/products/sandsberg-silla-negro-tinte-marron__1068130_pe852977_s5.jpg?f=xxs,https://www.ikea.com/es/es/p/sandsberg-silla-negro-tinte-marron-70412960/,../data/img_ikea_Sillas/0027.jpg
Silla,AGEN,39,https://www.ikea.com/es/es/images/products/agen-silla-ratan-bambu__31428_pe120743_s5.jpg?f=xxs,https://www.ikea.com/es/es/p/agen-silla-ratan-bambu-50058376/,../data/img_ikea_Sillas/0028.jpg
Silla,LILLÅNÄS,49,https://www.ikea.com/es/es/images/products/lillanas-silla-cromado-gunnared-beige__1150348_pe884483_s5.jpg?f=xxs,https://www.ikea.com/es/es/p/lillanas-silla-cromado-gunnared-beige-00534757/,../data/img_ikea_Sillas/0029.jpg
Silla plegable,NISSE,179,https://www.ikea.com/es/es/images/products/nisse-silla-plegable-negro__0728163_pe736118_s5.jpg?f=xxs,https://www.ikea.com/es/es/p/nisse-silla-plegable-negro-30115066/,../data/img_ikea_Sillas/0030.jpg
Silla,KLINTEN,69,https://www.ikea.com/es/es/images/products/klinten-silla-marron-kilanda-beige-claro__1156101_pe886899_s5.jpg?f=xxs,https://www.ikea.com/es/es/p/klinten-silla-marron-kilanda-beige-claro-00546878/,../data/img_ikea_Sillas/0031.jpg
Silla,TOBIAS,69,https://www.ikea.com/es/es/images/products/tobias-silla-transparente-cromado__0727342_pe735614_s5.jpg?f=xxs,https://www.ikea.com/es/es/p/tobias-silla-transparente-cromado-80349671/,../data/img_ikea_Sillas/0032.jpg
Mesa y 4 sillas,JOKKMOKK,49,https://www.ikea.com/es/es/images/products/jokkmokk-mesa-4-sillas-blanco__0515062_pe639792_s5.jpg?f=xxs,https://www.ikea.com/es/es/p/jokkmokk-mesa-4-sillas-blanco-40496428/,../data/img_ikea_Sillas/0033.jpg
"Banco con almacenaje, 120 cm",TOLKNING,50,https://www.ikea.com/es/es/images/products/tolkning-banco-con-almacenaje-mano-ratan__1098691_pe865484_s5.jpg?f=xxs,https://www.ikea.com/es/es/p/tolkning-banco-con-almacenaje-a-mano-ratan-80512657/,../data/img_ikea_Sillas/0034.jpg
Silla plegable,GUNDE,69,https://www.ikea.com/es/es/images/products/gunde-silla-plegable-blanco__0728314_pe736185_s5.jpg?f=xxs,https://www.ikea.com/es/es/p/gunde-silla-plegable-blanco-60217799/,../data/img_ikea_Sillas/0035.jpg
Silla plegable,FRÖSVI,14,https://www.ikea.com/es/es/images/products/frosvi-silla-plegable-blanco__1284070_pe932743_s5.jpg?f=xxs,https://www.ikea.com/es/es/p/frosvi-silla-plegable-blanco-80534329/,../data/img_ikea_Sillas/0036.jpg
Silla,SKANSNÄS,75,https://www.ikea.com/es/es/images/products/skansnas-silla-marron-haya__1319860_pe941001_s5.jpg?f=xxs,https://www.ikea.com/es/es/p/skansnas-silla-marron-haya-70563242/,../data/img_ikea_Sillas/0037.jpg
Silla,SIGTRYGG,90,https://www.ikea.com/es/es/images/products/sigtrygg-silla-abedul-sefast-blanco__1111907_pe871017_s5.jpg?f=xxs,https://www.ikea.com/es/es/p/sigtrygg-silla-abedul-sefast-blanco-s99483792/,../data/img_ikea_Sillas/0038.jpg
Sillón,EKENÄSET,49,https://www.ikea.com/es/es/images/products/ekenaset-sillon-kilanda-beige-claro__1109687_pe870153_s5.jpg?f=xxs,https://www.ikea.com/es/es/p/ekenaset-sillon-kilanda-beige-claro-90533174/,../data/img_ikea_Sillas/0039.jpg
Silla de escritorio infantil,LOBERGET / SIBBEN,49,https://www.ikea.com/es/es/images/products/loberget-sibben-silla-escritorio-infantil-blanco__0826517_pe776395_s5.jpg?f=xxs,https://www.ikea.com/es/es/p/loberget-sibben-silla-escritorio-infantil-blanco-s59337670/,../data/img_ikea_Sillas/0040.jpg
Silla de confidente,ELDBERGET / MALSKÄR,59,https://www.ikea.com/es/es/images/products/eldberget-malskar-silla-confidente-beige-blanco__1077158_pe856906_s5.jpg?f=xxs,https://www.ikea.com/es/es/p/eldberget-malskar-silla-confidente-beige-blanco-s79444396/,../data/img_ikea_Sillas/0041.jpg
Silla,VOXLÖV,25,https://www.ikea.com/es/es/images/products/voxlov-silla-bambu-claro__0948161_pe798889_s5.jpg?f=xxs,https://www.ikea.com/es/es/p/voxlov-silla-bambu-claro-50450236/,../data/img_ikea_Sillas/0042.jpg
Silla giratoria,SMÄLLEN,59,https://www.ikea.com/es/es/images/products/smallen-silla-giratoria-negro__1096271_pe864278_s5.jpg?f=xxs,https://www.ikea.com/es/es/p/smallen-silla-giratoria-negro-00503435/,../data/img_ikea_Sillas/0043.jpg
"Banco con almacenaje, 100x30x37 cm",DAJLIEN,69,https://www.ikea.com/es/es/images/products/dajlien-banco-con-almacenaje-bambu__1202129_pe905787_s5.jpg?f=xxs,https://www.ikea.com/es/es/p/dajlien-banco-con-almacenaje-bambu-20557286/,../data/img_ikea_Sillas/0044.jpg
Silla con cojín,NILSOVE / NORNA,69,https://www.ikea.com/es/es/images/products/nilsove-norna-silla-con-cojin-ratan-blanco-laila-natural__0751763_pe747197_s5.jpg?f=xxs,https://www.ikea.com/es/es/p/nilsove-norna-silla-con-cojin-ratan-blanco-laila-natural-s19304006/,../data/img_ikea_Sillas/0045.jpg
Sillón,MÅRENÄS,79,https://www.ikea.com/es/es/images/products/marenas-sillon-negro-gunnared-beige__1182861_pe897321_s5.jpg?f=xxs,https://www.ikea.com/es/es/p/marenas-sillon-negro-gunnared-beige-s79514389/,../data/img_ikea_Sillas/0046.jpg
Sillón,SKÅLBODA,15,https://www.ikea.com/es/es/images/products/skalboda-sillon-naranja__1180835_pe896475_s5.jpg?f=xxs,https://www.ikea.com/es/es/p/skalboda-sillon-naranja-40555309/,../data/img_ikea_Sillas/0047.jpg
Silla,RÖNNINGE,85,https://www.ikea.com/es/es/images/products/ronninge-silla-abedul__0642047_pe700849_s5.jpg?f=xxs,https://www.ikea.com/es/es/p/ronninge-silla-abedul-10422504/,../data/img_ikea_Sillas/0048.jpg
Sillón,IKEA PS 2012,69,https://www.ikea.com/es/es/images/products/ikea-ps-2012-sillon-negro__0728149_pe736120_s5.jpg?f=xxs,https://www.ikea.com/es/es/p/ikea-ps-2012-sillon-negro-70206804/,../data/img_ikea_Sillas/0049.jpg
Silla,MÅNHULT,89,https://www.ikea.com/es/es/images/products/manhult-silla-negro-hakebo-verde-grisaceo__1156110_pe886912_s5.jpg?f=xxs,https://www.ikea.com/es/es/p/manhult-silla-negro-hakebo-verde-grisaceo-00547057/,../data/img_ikea_Sillas/0050.jpg
Silla,GRÅSALA,149,https://www.ikea.com/es/es/images/products/grasala-silla-gris__1157549_pe887744_s5.jpg?f=xxs,https://www.ikea.com/es/es/p/grasala-silla-gris-70515468/,../data/img_ikea_Sillas/0051.jpg
Silla de trabajo,MARKUS,169,https://www.ikea.com/es/es/images/products/markus-silla-trabajo-vissle-gris-oscuro__0724714_pe734597_s5.jpg?f=xxs,https://www.ikea.com/es/es/p/markus-silla-trabajo-vissle-gris-oscuro-70261150/,../data/img_ikea_Sillas/0052.jpg
Taburete,KYRRE,129,https://www.ikea.com/es/es/images/products/kyrre-taburete-abedul__0714153_pe729952_s5.jpg?f=xxs,https://www.ikea.com/es/es/p/kyrre-taburete-abedul-60416925/,../data/img_ikea_Sillas/0053.jpg
Silla,EBBALYCKE,9,https://www.ikea.com/es/es/images/products/ebbalycke-silla-idekulla-beige__1243346_pe920576_s5.jpg?f=xxs,https://www.ikea.com/es/es/p/ebbalycke-silla-idekulla-beige-40568854/,../data/img_ikea_Sillas/0054.jpg
Silla,STEFAN,19,https://www.ikea.com/es/es/images/products/stefan-silla-negro-marron-knisa-gris-beige__1068137_pe852981_s5.jpg?f=xxs,https://www.ikea.com/es/es/p/stefan-silla-negro-marron-knisa-gris-beige-80512087/,../data/img_ikea_Sillas/0055.jpg
Sofá cama 1 p,KIVIK,89,https://www.ikea.com/es/es/images/products/kivik-sofa-cama-1-p-tibbleby-beis-gris__1130876_pe877950_s5.jpg?f=xxs,https://www.ikea.com/es/es/p/kivik-sofa-cama-1-p-tibbleby-beis-gris-s39470231/,../data/img_ikea_Sillas/0056.jpg
"Mesa y 4 sillas, 105 cm",LISABO / LISABO,39,https://www.ikea.com/es/es/images/products/lisabo-lisabo-mesa-4-sillas-chapa-fresno-fresno__1255299_pe924491_s5.jpg?f=xxs,https://www.ikea.com/es/es/p/lisabo-lisabo-mesa-4-sillas-chapa-fresno-fresno-s69554856/,../data/img_ikea_Sillas/0057.jpg
Silla,EKEDALEN,49,https://www.ikea.com/es/es/images/products/ekedalen-silla-blanco-orrsta-gris-claro__1082706_pe858786_s5.jpg?f=xxs,https://www.ikea.com/es/es/p/ekedalen-silla-blanco-orrsta-gris-claro-s09399830/,../data/img_ikea_Sillas/0058.jpg
"Mesa y 4 sillas, 140x85 cm",MÖRBYLÅNGA / TOBIAS,189,https://www.ikea.com/es/es/images/products/morbylanga-tobias-mesa-4-sillas-chapa-roble-tinte-marron-marron-rojizo-cromado__1143379_pe881482_s5.jpg?f=xxs,https://www.ikea.com/es/es/p/morbylanga-tobias-mesa-4-sillas-chapa-roble-tinte-marron-marron-rojizo-cromado-s09484946/,../data/img_ikea_Sillas/0059.jpg
Sillón,BILLHAMN,249,https://www.ikea.com/es/es/images/products/billhamn-sillon-beige-grisaceo__1151541_pe884926_s5.jpg?f=xxs,https://www.ikea.com/es/es/p/billhamn-sillon-beige-grisaceo-60511668/,../data/img_ikea_Sillas/0060.jpg
Sillón,POÄNG,30,https://www.ikea.com/es/es/images/products/poang-sillon-chapa-abedul-knisa-beige-claro__0571500_pe666933_s5.jpg?f=xxs,https://www.ikea.com/es/es/p/poang-sillon-chapa-abedul-knisa-beige-claro-s39240787/,../data/img_ikea_Sillas/0061.jpg
Sillón,POÄNG,49,https://www.ikea.com/es/es/images/products/poang-sillon-chapa-roble-tinte-blanco-knisa-beige-claro__0681526_pe720135_s5.jpg?f=xxs,https://www.ikea.com/es/es/p/poang-sillon-chapa-roble-tinte-blanco-knisa-beige-claro-s29286610/,../data/img_ikea_Sillas/0062.jpg
Sillón,PELLO,119,https://www.ikea.com/es/es/images/products/pello-sillon-holmby-natural__38296_pe130209_s5.jpg?f=xxs,https://www.ikea.com/es/es/p/pello-sillon-holmby-natural-50078464/,../data/img_ikea_Sillas/0063.jpg
"Mesa y 6 sillas, 220x100 cm",MÖRBYLÅNGA / GRÖNSTA,29,https://www.ikea.com/es/es/images/products/morbylanga-gronsta-mesa-6-sillas__1243748_pe920771_s5.jpg?f=xxs,https://www.ikea.com/es/es/p/morbylanga-gronsta-mesa-6-sillas-s09548887/,../data/img_ikea_Sillas/0064.jpg
Silla plegable,FRÖSVI,99,https://www.ikea.com/es/es/images/products/frosvi-silla-plegable-blanco-knisa-gris-claro__1284077_pe932748_s5.jpg?f=xxs,https://www.ikea.com/es/es/p/frosvi-silla-plegable-blanco-knisa-gris-claro-20534332/,../data/img_ikea_Sillas/0065.jpg
Sillón,VEDBO,129,https://www.ikea.com/es/es/images/products/vedbo-sillon-gunnared-verde-claro__0949818_pe800035_s5.jpg?f=xxs,https://www.ikea.com/es/es/p/vedbo-sillon-gunnared-verde-claro-40494250/,../data/img_ikea_Sillas/0066.jpg
"Taburete de exterior, 48x35x43 cm",STACKHOLMEN,139,https://www.ikea.com/es/es/images/products/stackholmen-taburete-exterior-tinte-marron-claro__0728393_pe736231_s5.jpg?f=xxs,https://www.ikea.com/es/es/p/stackholmen-taburete-exterior-tinte-marron-claro-20411425/,../data/img_ikea_Sillas/0067.jpg
Silla,GENESÖN,69,https://www.ikea.com/es/es/images/products/geneson-silla-metal-rojo__1185920_pe898617_s5.jpg?f=xxs,https://www.ikea.com/es/es/p/geneson-silla-metal-rojo-00565683/,../data/img_ikea_Sillas/0068.jpg
"Mesa y 4 sillas, 115/170 cm",SKANSNÄS / SKANSNÄS,89,https://www.ikea.com/es/es/images/products/skansnas-skansnas-mesa-4-sillas-marron-haya-marron-haya__1291659_pe934959_s5.jpg?f=xxs,https://www.ikea.com/es/es/p/skansnas-skansnas-mesa-4-sillas-marron-haya-marron-haya-s09561633/,../data/img_ikea_Sillas/0069.jpg
"Mesa y 4 sillas con reposabrazos, 145 cm",MÖRBYLÅNGA / MÅRENÄS,69,https://www.ikea.com/es/es/images/products/morbylanga-marenas-mesa-4-sillas-con-reposabrazos-chapa-roble-tinte-marron-negro-gunnared-beige__1198495_pe904102_s5.jpg?f=xxs,https://www.ikea.com/es/es/p/morbylanga-marenas-mesa-4-sillas-con-reposabrazos-chapa-roble-tinte-marron-negro-gunnared-beige-s29520095/,../data/img_ikea_Sillas/0070.jpg
Silla,PINNTORP,65,https://www.ikea.com/es/es/images/products/pinntorp-silla-tinte-marron-claro__1296225_pe935730_s5.jpg?f=xxs,https://www.ikea.com/es/es/p/pinntorp-silla-tinte-marron-claro-00590480/,../data/img_ikea_Sillas/0071.jpg
"Taburete, 45 cm",MARIUS,29,https://www.ikea.com/es/es/images/products/marius-taburete-blanco__0727398_pe735650_s5.jpg?f=xxs,https://www.ikea.com/es/es/p/marius-taburete-blanco-90184047/,../data/img_ikea_Sillas/0072.jpg
Silla,BERGMUND,159,https://www.ikea.com/es/es/images/products/bergmund-silla-negro-gunnared-gris__1082817_pe858832_s5.jpg?f=xxs,https://www.ikea.com/es/es/p/bergmund-silla-negro-gunnared-gris-s59481587/,../data/img_ikea_Sillas/0073.jpg
Sillón,FRÖSET,179,https://www.ikea.com/es/es/images/products/froset-sillon-tinte-negro-chapa-roble__0824150_pe776003_s5.jpg?f=xxs,https://www.ikea.com/es/es/p/froset-sillon-tinte-negro-chapa-roble-40423559/,../data/img_ikea_Sillas/0074.jpg
Sillón,JANINGE,14,https://www.ikea.com/es/es/images/products/janinge-sillon-gris__0728158_pe736125_s5.jpg?f=xxs,https://www.ikea.com/es/es/p/janinge-sillon-gris-40280517/,../data/img_ikea_Sillas/0075.jpg
Silla jardín,TÄRNÖ,24,https://www.ikea.com/es/es/images/products/tarno-silla-jardin-plegable-negro-tinte-marron-claro__0728354_pe736202_s5.jpg?f=xxs,https://www.ikea.com/es/es/p/tarno-silla-jardin-plegable-negro-tinte-marron-claro-90095428/,../data/img_ikea_Sillas/0076.jpg
"Taburete alto, 63 cm",STIG,55,https://www.ikea.com/es/es/images/products/stig-taburete-alto-negro-negro__0948110_pe798867_s5.jpg?f=xxs,https://www.ikea.com/es/es/p/stig-taburete-alto-negro-negro-30498418/,../data/img_ikea_Sillas/0077.jpg
Silla,NORRARYD,39,https://www.ikea.com/es/es/images/products/norraryd-silla-negro__0727327_pe735599_s5.jpg?f=xxs,https://www.ikea.com/es/es/p/norraryd-silla-negro-40280843/,../data/img_ikea_Sillas/0078.jpg
Silla,NACKANÄS,499,https://www.ikea.com/es/es/images/products/nackanas-silla-acacia__1113739_pe871520_s5.jpg?f=xxs,https://www.ikea.com/es/es/p/nackanas-silla-acacia-70518061/,../data/img_ikea_Sillas/0079.jpg
Silla jardín,FEJAN,375,https://www.ikea.com/es/es/images/products/fejan-silla-jardin-plegable-blanco__0728344_pe736190_s5.jpg?f=xxs,https://www.ikea.com/es/es/p/fejan-silla-jardin-plegable-blanco-10255307/,../data/img_ikea_Sillas/0080.jpg
Silla de escritorio infantil+cojín,LOBERGET / SIBBEN,465,https://www.ikea.com/es/es/images/products/loberget-sibben-silla-escritorio-infantil-cojin-blanco-turquesa__1154436_pe886029_s5.jpg?f=xxs,https://www.ikea.com/es/es/p/loberget-sibben-silla-escritorio-infantil-cojin-blanco-turquesa-s39501317/,../data/img_ikea_Sillas/0081.jpg
Silla giratoria,MILLBERGET,196,https://www.ikea.com/es/es/images/products/millberget-silla-giratoria-murum-beige__1020141_pe831795_s5.jpg?f=xxs,https://www.ikea.com/es/es/p/millberget-silla-giratoria-murum-beige-70489389/,../data/img_ikea_Sillas/0082.jpg
Reposapiés con almacenaje,OSKARSHAMN,236,https://www.ikea.com/es/es/images/products/oskarshamn-reposapies-con-almacenaje-tibbleby-beis-gris__1118164_pe872957_s5.jpg?f=xxs,https://www.ikea.com/es/es/p/oskarshamn-reposapies-con-almacenaje-tibbleby-beis-gris-90523617/,../data/img_ikea_Sillas/0083.jpg
Funda para silla,BERGMUND,775,https://www.ikea.com/es/es/images/products/bergmund-funda-silla-hallarp-beige__0930220_pe790642_s5.jpg?f=xxs,https://www.ikea.com/es/es/p/bergmund-funda-silla-hallarp-beige-80486205/,../data/img_ikea_Sillas/0084.jpg
Silla,BALTSAR,975,https://www.ikea.com/es/es/images/products/baltsar-silla-blanco__1184815_pe898079_s5.jpg?f=xxs,https://www.ikea.com/es/es/p/baltsar-silla-blanco-50532143/,../data/img_ikea_Sillas/0085.jpg
Silla,STEIN,199,https://www.ikea.com/es/es/images/products/stein-silla-transparente__0773405_pe756294_s5.jpg?f=xxs,https://www.ikea.com/es/es/p/stein-silla-transparente-50403669/,../data/img_ikea_Sillas/0086.jpg
Sillón orejero,STRANDMON,99,https://www.ikea.com/es/es/images/products/strandmon-sillon-orejero-skiftebo-amarillo__0325450_pe517970_s5.jpg?f=xxs,https://www.ikea.com/es/es/p/strandmon-sillon-orejero-skiftebo-amarillo-90361894/,../data/img_ikea_Sillas/0087.jpg
Silla de confidente,LOBERGET / MALSKÄR,99,https://www.ikea.com/es/es/images/products/loberget-malskar-silla-confidente-blanco__1078458_pe857202_s5.jpg?f=xxs,https://www.ikea.com/es/es/p/loberget-malskar-silla-confidente-blanco-s79445466/,../data/img_ikea_Sillas/0088.jpg
Silla,INGOLF,59,https://www.ikea.com/es/es/images/products/ingolf-silla-blanco__1082704_pe858783_s5.jpg?f=xxs,https://www.ikea.com/es/es/p/ingolf-silla-blanco-s79399822/,../data/img_ikea_Sillas/0089.jpg
Silla de confidente,KULLABERG,1.053,https://www.ikea.com/es/es/images/products/kullaberg-silla-confidente-pino-negro__0724693_pe734575_s5.jpg?f=xxs,https://www.ikea.com/es/es/p/kullaberg-silla-confidente-pino-negro-90522401/,../data/img_ikea_Sillas/0090.jpg
Silla,TEODORES,1.253,https://www.ikea.com/es/es/images/products/teodores-silla-blanco__1082707_pe858787_s5.jpg?f=xxs,https://www.ikea.com/es/es/p/teodores-silla-blanco-s99399835/,../data/img_ikea_Sillas/0091.jpg
"Mesa y 4 sillas, 180x90 cm",VOXLÖV / VOXLÖV,29,https://www.ikea.com/es/es/images/products/voxlov-voxlov-mesa-4-sillas-bambu-bambu__0926660_pe789444_s5.jpg?f=xxs,https://www.ikea.com/es/es/p/voxlov-voxlov-mesa-4-sillas-bambu-bambu-s29388656/,../data/img_ikea_Sillas/0092.jpg
Silla,LUSTEBO,249,https://www.ikea.com/es/es/images/products/lustebo-silla-viarp-beige-marron__1243646_pe920696_s5.jpg?f=xxs,https://www.ikea.com/es/es/p/lustebo-silla-viarp-beige-marron-90534461/,../data/img_ikea_Sillas/0093.jpg
Funda para silla,EKEDALEN,299,https://www.ikea.com/es/es/images/products/ekedalen-funda-silla-orrsta-gris-claro__0870838_pe640441_s5.jpg?f=xxs,https://www.ikea.com/es/es/p/ekedalen-funda-silla-orrsta-gris-claro-40377048/,../data/img_ikea_Sillas/0094.jpg
Silla,BERGMUND,29,https://www.ikea.com/es/es/images/products/bergmund-silla-negro-glose-negro__0817914_pe774169_s5.jpg?f=xxs,https://www.ikea.com/es/es/p/bergmund-silla-negro-glose-negro-70451999/,../data/img_ikea_Sillas/0095.jpg
Funda para silla,LÄKTARE,25,https://www.ikea.com/es/es/images/products/laktare-funda-silla-gunnared-verde-claro__1187168_pe899071_s5.jpg?f=xxs,https://www.ikea.com/es/es/p/laktare-funda-silla-gunnared-verde-claro-80527994/,../data/img_ikea_Sillas/0096.jpg
Silla de confidente,LOBERGET / MALSKÄR,955,https://www.ikea.com/es/es/images/products/loberget-malskar-silla-confidente-blanco-gris-oscuro__1078473_pe857209_s5.jpg?f=xxs,https://www.ikea.com/es/es/p/loberget-malskar-silla-confidente-blanco-gris-oscuro-s19445450/,../data/img_ikea_Sillas/0097.jpg
Silla,EKEDALEN,1.155,https://www.ikea.com/es/es/images/products/ekedalen-silla-blanco-orrsta-gris-claro__1082705_pe858785_s5.jpg?f=xxs,https://www.ikea.com/es/es/p/ekedalen-silla-blanco-orrsta-gris-claro-s29399829/,../data/img_ikea_Sillas/0098.jpg
"Banco con almacenaje juguetes, 90x52x48 cm",SMÅSTAD,1.355,https://www.ikea.com/es/es/images/products/smastad-banco-con-almacenaje-juguetes-blanco-blanco__0918197_pe786134_s5.jpg?f=xxs,https://www.ikea.com/es/es/p/smastad-banco-con-almacenaje-juguetes-blanco-blanco-s19389152/,../data/img_ikea_Sillas/0099.jpg
"Mesa y 4 sillas, 110 cm",GRÅSALA / ÖSTANÖ,35,https://www.ikea.com/es/es/images/products/grasala-ostano-mesa-4-sillas-gris-remmarn-marron-rojizo__1181654_pe896736_s5.jpg?f=xxs,https://www.ikea.com/es/es/p/grasala-ostano-mesa-4-sillas-gris-remmarn-marron-rojizo-s29497293/,../data/img_ikea_Sillas/0100.jpg
Sillón,PERSBOL,5,https://www.ikea.com/es/es/images/products/persbol-sillon-abedul-tibbleby-beis-gris__1123949_pe874927_s5.jpg?f=xxs,https://www.ikea.com/es/es/p/persbol-sillon-abedul-tibbleby-beis-gris-50350190/,../data/img_ikea_Sillas/0101.jpg
Silla de trabajo,FLINTAN,300,https://www.ikea.com/es/es/images/products/flintan-silla-trabajo-beige__1007198_pe825954_s5.jpg?f=xxs,https://www.ikea.com/es/es/p/flintan-silla-trabajo-beige-70492202/,../data/img_ikea_Sillas/0102.jpg
Silla,EKEDALEN,360,https://www.ikea.com/es/es/images/products/ekedalen-silla-efecto-roble-hakebo-beige__1110581_pe870524_s5.jpg?f=xxs,https://www.ikea.com/es/es/p/ekedalen-silla-efecto-roble-hakebo-beige-s39488108/,../data/img_ikea_Sillas/0103.jpg
Silla con reposabrazos,YPPERLIG,99,https://www.ikea.com/es/es/images/products/ypperlig-silla-con-reposabrazos-verde__0505332_pe633865_s5.jpg?f=xxs,https://www.ikea.com/es/es/p/ypperlig-silla-con-reposabrazos-verde-40346580/,../data/img_ikea_Sillas/0104.jpg
Sillón,SÖDERHAMN,49,https://www.ikea.com/es/es/images/products/soderhamn-sillon-tallmyra-azul__1015693_pe830091_s5.jpg?f=xxs,https://www.ikea.com/es/es/p/soderhamn-sillon-tallmyra-azul-s09431241/,../data/img_ikea_Sillas/0105.jpg
Sillón,ÖNNESTAD,50,https://www.ikea.com/es/es/images/products/onnestad-sillon-katorp-beige__1280209_pe931690_s5.jpg?f=xxs,https://www.ikea.com/es/es/p/onnestad-sillon-katorp-beige-s59554475/,../data/img_ikea_Sillas/0106.jpg
Sillón con reposapiés,ROCKSJÖN,15,https://www.ikea.com/es/es/images/products/rocksjon-sillon-con-reposapies-blekinge-blanco__1247380_pe922650_s5.jpg?f=xxs,https://www.ikea.com/es/es/p/rocksjon-sillon-con-reposapies-blekinge-blanco-s89508892/,../data/img_ikea_Sillas/0107.jpg
